chr	pos	cov
Pcer_chr1A	250000	3.75621
Pcer_chr1A	750000	3.63881
Pcer_chr1A	1.25e+06	5.95225
Pcer_chr1A	1.75e+06	5.7999
Pcer_chr1A	2.25e+06	3.97854
Pcer_chr1A	2.75e+06	3.81436
Pcer_chr1A	3.25e+06	3.99333
Pcer_chr1A	3.75e+06	3.6835
Pcer_chr1A	4.25e+06	4.23127
Pcer_chr1A	4.75e+06	3.74173
Pcer_chr1A	5.25e+06	3.6846
Pcer_chr1A	5.75e+06	4.39186
Pcer_chr1A	6.25e+06	7.0379
Pcer_chr1A	6.75e+06	3.58263
Pcer_chr1A	7.25e+06	3.94901
Pcer_chr1A	7.75e+06	3.83329
Pcer_chr1A	8.25e+06	3.50589
Pcer_chr1A	8.75e+06	3.91688
Pcer_chr1A	9.25e+06	3.7852
Pcer_chr1A	9.75e+06	3.90284
Pcer_chr1A	1.025e+07	3.89578
Pcer_chr1A	1.075e+07	3.53881
Pcer_chr1A	1.125e+07	4.03821
Pcer_chr1A	1.175e+07	4.5068
Pcer_chr1A	1.225e+07	4.1826
Pcer_chr1A	1.275e+07	2.81926
Pcer_chr1A	1.325e+07	4.93885
Pcer_chr1A	1.375e+07	3.57886
Pcer_chr1A	1.425e+07	0.379706
Pcer_chr1A	1.475e+07	0.824952
Pcer_chr1A	1.525e+07	3.75866
Pcer_chr1A	1.575e+07	4.4518
Pcer_chr1A	1.625e+07	3.56759
Pcer_chr1A	1.675e+07	3.9477
Pcer_chr1A	1.725e+07	3.22514
Pcer_chr1A	1.775e+07	3.33373
Pcer_chr1A	1.825e+07	3.29408
Pcer_chr1A	1.875e+07	3.9855
Pcer_chr1A	1.925e+07	3.71976
Pcer_chr1A	1.975e+07	3.08122
Pcer_chr1A	2.025e+07	4.29112
Pcer_chr1A	2.075e+07	3.66024
Pcer_chr1A	2.125e+07	3.91208
Pcer_chr1A	2.175e+07	4.12668
Pcer_chr1A	2.225e+07	4.02773
Pcer_chr1A	2.275e+07	3.77144
Pcer_chr1A	2.325e+07	2.77211
Pcer_chr1A	2.375e+07	3.41526
Pcer_chr1A	2.425e+07	3.82345
Pcer_chr1A	2.475e+07	3.9976
Pcer_chr1A	2.525e+07	3.68597
Pcer_chr1A	2.575e+07	3.34989
Pcer_chr1A	2.625e+07	4.43187
Pcer_chr1A	2.675e+07	3.61829
Pcer_chr1A	2.725e+07	3.97695
Pcer_chr1A	2.775e+07	3.99627
Pcer_chr1A	2.825e+07	3.51152
Pcer_chr1A	2.875e+07	3.28507
Pcer_chr1A	2.925e+07	5.149
Pcer_chr1A	2.975e+07	5.07806
Pcer_chr1A	3.025e+07	3.53323
Pcer_chr1A	3.075e+07	3.23434
Pcer_chr1A	3.125e+07	3.72108
Pcer_chr1A	3.175e+07	4.55483
Pcer_chr1A	3.225e+07	4.07411
Pcer_chr1A	3.275e+07	3.23421
Pcer_chr1A	3.325e+07	2.82434
Pcer_chr1A	3.375e+07	3.74973
Pcer_chr1A	3.425e+07	4.41456
Pcer_chr1A	3.475e+07	3.99779
Pcer_chr1A	3.525e+07	4.55548
Pcer_chr1A	3.575e+07	3.80434
Pcer_chr1A	3.625e+07	5.66366
Pcer_chr1A	3.675e+07	4.38639
Pcer_chr1A	3.725e+07	4.4256
Pcer_chr1A	3.775e+07	4.56313
Pcer_chr1A	3.825e+07	4.10518
Pcer_chr1A	3.875e+07	5.34707
Pcer_chr1A	3.925e+07	4.3752
Pcer_chr1A	3.975e+07	3.89847
Pcer_chr1A	4.025e+07	4.06833
Pcer_chr1A	4.075e+07	4.22244
Pcer_chr1A	4.125e+07	4.94734
Pcer_chr1A	4.175e+07	4.22563
Pcer_chr1A	4.225e+07	5.18629
Pcer_chr1A	4.275e+07	4.96023
Pcer_chr1A	4.325e+07	4.62951
Pcer_chr1A	4.375e+07	4.27011
Pcer_chr1A	4.425e+07	7.34192
Pcer_chr1A	4.475e+07	6.1954
Pcer_chr1A	4.525e+07	6.23046
Pcer_chr1A	4.575e+07	5.8484
Pcer_chr1A	4.625e+07	4.28369
Pcer_chr1A	4.675e+07	4.19675
Pcer_chr1A	4.725e+07	4.3814
Pcer_chr1A	4.775e+07	4.49026
Pcer_chr1A	4.825e+07	4.23512
Pcer_chr1A	4.875e+07	4.52069
Pcer_chr1A	4.925e+07	4.53464
Pcer_chr1A	4.975e+07	6.16373
Pcer_chr1A	5.025e+07	6.23855
Pcer_chr1A	5.075e+07	7.49954
Pcer_chr1A	5.125e+07	9.11595
Pcer_chr1A	5.175e+07	8.3724
Pcer_chr1A	5.225e+07	6.70055
Pcer_chr1A__	250000	14.427
Pcer_chr1A__	750000	11.2156
Pcer_chr1A__	1.25e+06	3.32951
Pcer_chr1A__	1.75e+06	3.65622
Pcer_chr1A__	2.25e+06	3.72174
Pcer_chr1A__	2.75e+06	3.70863
Pcer_chr1A__	3.25e+06	3.98214
Pcer_chr1A__	3.75e+06	4.02155
Pcer_chr1A__	4.25e+06	3.8098
Pcer_chr1A__	4.75e+06	4.319
Pcer_chr1A__	5.25e+06	4.01219
Pcer_chr1A__	5.75e+06	5.72788
Pcer_chr1A__	6.25e+06	3.71123
Pcer_chr1A__	6.75e+06	6.08645
Pcer_chr1A__	7.25e+06	3.86009
Pcer_chr1A__	7.75e+06	4.21073
Pcer_chr1A__	8.25e+06	3.84383
Pcer_chr1A__	8.75e+06	3.67725
Pcer_chr1A__	9.25e+06	3.82458
Pcer_chr1A__	9.75e+06	4.13293
Pcer_chr1A__	1.025e+07	2.39512
Pcer_chr1A__	1.075e+07	4.0031
Pcer_chr1A__	1.125e+07	3.40907
Pcer_chr1A__	1.175e+07	3.99262
Pcer_chr1A__	1.225e+07	3.49966
Pcer_chr1A__	1.275e+07	3.38708
Pcer_chr1A__	1.325e+07	4.42175
Pcer_chr1A__	1.375e+07	5.02773
Pcer_chr1A__	1.425e+07	3.86068
Pcer_chr1A__	1.475e+07	4.39495
Pcer_chr1A__	1.525e+07	3.86811
Pcer_chr1A__	1.575e+07	3.84222
Pcer_chr1A__	1.625e+07	2.57432
Pcer_chr1A__	1.675e+07	3.06199
Pcer_chr1A__	1.725e+07	3.5801
Pcer_chr1A__	1.775e+07	3.01943
Pcer_chr1A__	1.825e+07	4.34807
Pcer_chr1A__	1.875e+07	4.20375
Pcer_chr1A__	1.925e+07	2.98759
Pcer_chr1A__	1.975e+07	4.49901
Pcer_chr1A__	2.025e+07	3.85123
Pcer_chr1A__	2.075e+07	3.65457
Pcer_chr1A__	2.125e+07	2.86456
Pcer_chr1A__	2.175e+07	4.08497
Pcer_chr1A__	2.225e+07	3.87035
Pcer_chr1A__	2.275e+07	3.45868
Pcer_chr1A__	2.325e+07	2.55522
Pcer_chr1A__	2.375e+07	2.41393
Pcer_chr1A__	2.425e+07	4.13703
Pcer_chr1A__	2.475e+07	3.36346
Pcer_chr1A__	2.525e+07	5.93388
Pcer_chr1A__	2.575e+07	3.55406
Pcer_chr1A__	2.625e+07	3.34355
Pcer_chr1A__	2.675e+07	3.79005
Pcer_chr1A__	2.725e+07	3.40814
Pcer_chr1A__	2.775e+07	3.87455
Pcer_chr1A__	2.825e+07	4.24482
Pcer_chr1A__	2.875e+07	4.56081
Pcer_chr1A__	2.925e+07	4.34961
Pcer_chr1A__	2.975e+07	3.89355
Pcer_chr1A__	3.025e+07	3.71778
Pcer_chr1A__	3.075e+07	3.6629
Pcer_chr1A__	3.125e+07	3.85884
Pcer_chr1A__	3.175e+07	3.85164
Pcer_chr1A__	3.225e+07	2.84009
Pcer_chr1A__	3.275e+07	4.91046
Pcer_chr1A__	3.325e+07	4.38169
Pcer_chr1A__	3.375e+07	3.88965
Pcer_chr1A__	3.425e+07	4.10479
Pcer_chr1A__	3.475e+07	3.69223
Pcer_chr1A__	3.525e+07	8.26227
Pcer_chr1A__	3.575e+07	3.89325
Pcer_chr1A__	3.625e+07	4.13004
Pcer_chr1A__	3.675e+07	4.13841
Pcer_chr1A__	3.725e+07	4.09674
Pcer_chr1A__	3.775e+07	4.0639
Pcer_chr1A__	3.825e+07	3.61117
Pcer_chr1A__	3.875e+07	4.10076
Pcer_chr1A__	3.925e+07	4.39932
Pcer_chr1A__	3.975e+07	3.82219
Pcer_chr1A__	4.025e+07	4.08359
Pcer_chr1A__	4.075e+07	4.3902
Pcer_chr1A__	4.125e+07	4.08439
Pcer_chr1A__	4.175e+07	4.75659
Pcer_chr1A__	4.225e+07	4.54519
Pcer_chr1A__	4.275e+07	3.59656
Pcer_chr1A__	4.325e+07	4.87726
Pcer_chr1A__	4.375e+07	4.937
Pcer_chr1A__	4.425e+07	3.33275
Pcer_chr1A__	4.475e+07	3.8304
Pcer_chr1A__	4.525e+07	3.55533
Pcer_chr1A__	4.575e+07	3.82473
Pcer_chr1A__	4.625e+07	3.86175
Pcer_chr1A__	4.675e+07	4.19813
Pcer_chr1A__	4.725e+07	3.74769
Pcer_chr1A__	4.775e+07	2.92468
Pcer_chr1A__	4.825e+07	0.77921
Pcer_chr1A__	4.875e+07	1.05331
Pcer_chr1A__	4.925e+07	2.69523
Pcer_chr1A__	4.975e+07	0.352224
Pcer_chr1A__	5.025e+07	0.596756
Pcer_chr1A__	5.075e+07	2.2135
Pcer_chr1A__	5.125e+07	7.39763
Pcer_chr1B	250000	4.48053
Pcer_chr1B	750000	7.27294
Pcer_chr1B	1.25e+06	7.11861
Pcer_chr1B	1.75e+06	3.4559
Pcer_chr1B	2.25e+06	9.604
Pcer_chr1B	2.75e+06	7.15516
Pcer_chr1B	3.25e+06	6.66825
Pcer_chr1B	3.75e+06	8.67978
Pcer_chr1B	4.25e+06	9.38021
Pcer_chr1B	4.75e+06	8.1956
Pcer_chr1B	5.25e+06	7.97079
Pcer_chr1B	5.75e+06	8.39491
Pcer_chr1B	6.25e+06	7.64322
Pcer_chr1B	6.75e+06	7.3715
Pcer_chr1B	7.25e+06	6.81879
Pcer_chr1B	7.75e+06	8.17616
Pcer_chr1B	8.25e+06	7.93012
Pcer_chr1B	8.75e+06	7.94905
Pcer_chr1B	9.25e+06	7.83847
Pcer_chr1B	9.75e+06	7.55668
Pcer_chr1B	1.025e+07	7.59274
Pcer_chr1B	1.075e+07	8.96517
Pcer_chr1B	1.125e+07	7.81264
Pcer_chr1B	1.175e+07	7.86283
Pcer_chr1B	1.225e+07	7.76807
Pcer_chr1B	1.275e+07	8.20205
Pcer_chr1B	1.325e+07	7.02847
Pcer_chr1B	1.375e+07	7.41578
Pcer_chr1B	1.425e+07	8.54232
Pcer_chr1B	1.475e+07	7.66112
Pcer_chr1B	1.525e+07	7.20352
Pcer_chr1B	1.575e+07	5.30578
Pcer_chr1B	1.625e+07	3.45231
Pcer_chr1B	1.675e+07	3.82322
Pcer_chr1B	1.725e+07	6.62049
Pcer_chr1B	1.775e+07	5.804
Pcer_chr1B	1.825e+07	6.84205
Pcer_chr1B	1.875e+07	7.71766
Pcer_chr1B	1.925e+07	7.51794
Pcer_chr1B	1.975e+07	6.43207
Pcer_chr1B	2.025e+07	5.77087
Pcer_chr1B	2.075e+07	6.34103
Pcer_chr1B	2.125e+07	7.46966
Pcer_chr1B	2.175e+07	6.99969
Pcer_chr1B	2.225e+07	9.90282
Pcer_chr1B	2.275e+07	7.30688
Pcer_chr1B	2.325e+07	7.81142
Pcer_chr1B	2.375e+07	7.44417
Pcer_chr1B	2.425e+07	7.36765
Pcer_chr1B	2.475e+07	7.01
Pcer_chr1B	2.525e+07	7.3472
Pcer_chr1B	2.575e+07	5.22346
Pcer_chr1B	2.625e+07	6.95048
Pcer_chr1B	2.675e+07	7.9323
Pcer_chr1B	2.725e+07	7.30288
Pcer_chr1B	2.775e+07	6.8784
Pcer_chr1B	2.825e+07	6.5371
Pcer_chr1B	2.875e+07	8.14029
Pcer_chr1B	2.925e+07	7.77124
Pcer_chr1B	2.975e+07	7.1684
Pcer_chr1B	3.025e+07	7.36433
Pcer_chr1B	3.075e+07	8.21312
Pcer_chr1B	3.125e+07	7.98931
Pcer_chr1B	3.175e+07	6.67708
Pcer_chr1B	3.225e+07	6.99345
Pcer_chr1B	3.275e+07	6.05124
Pcer_chr1B	3.325e+07	8.01533
Pcer_chr1B	3.375e+07	8.33241
Pcer_chr1B	3.425e+07	7.57515
Pcer_chr1B	3.475e+07	7.59544
Pcer_chr1B	3.525e+07	8.65026
Pcer_chr1B	3.575e+07	8.15598
Pcer_chr1B	3.625e+07	8.13084
Pcer_chr1B	3.675e+07	7.65623
Pcer_chr1B	3.725e+07	7.50735
Pcer_chr1B	3.775e+07	7.90712
Pcer_chr1B	3.825e+07	7.30182
Pcer_chr1B	3.875e+07	7.96954
Pcer_chr1B	3.925e+07	7.337
Pcer_chr1B	3.975e+07	8.17582
Pcer_chr1B	4.025e+07	8.77883
Pcer_chr1B	4.075e+07	6.62886
Pcer_chr1B	4.125e+07	7.92564
Pcer_chr1B	4.175e+07	8.21149
Pcer_chr1B	4.225e+07	7.63517
Pcer_chr1B	4.275e+07	7.31615
Pcer_chr1B	4.325e+07	7.31716
Pcer_chr1B	4.375e+07	7.87086
Pcer_chr1B	4.425e+07	6.79603
Pcer_chr1B	4.475e+07	7.14021
Pcer_chr1B	4.525e+07	6.08211
Pcer_chr1B	4.575e+07	2.52279
Pcer_chr1B	4.625e+07	3.14489
Pcer_chr1B	4.675e+07	2.58782
Pcer_chr1B	4.725e+07	7.53724
Pcer_chr1B	4.775e+07	6.04896
Pcer_chr1B	4.825e+07	6.3114
Pcer_chr1B	4.875e+07	5.65914
Pcer_chr2A	250000	6.879
Pcer_chr2A	750000	0.3419
Pcer_chr2A	1.25e+06	0.560614
Pcer_chr2A	1.75e+06	2.02946
Pcer_chr2A	2.25e+06	1.66248
Pcer_chr2A	2.75e+06	1.7357
Pcer_chr2A	3.25e+06	2.98724
Pcer_chr2A	3.75e+06	4.10959
Pcer_chr2A	4.25e+06	3.45729
Pcer_chr2A	4.75e+06	5.11621
Pcer_chr2A	5.25e+06	4.12259
Pcer_chr2A	5.75e+06	2.52545
Pcer_chr2A	6.25e+06	4.01566
Pcer_chr2A	6.75e+06	3.98918
Pcer_chr2A	7.25e+06	4.35189
Pcer_chr2A	7.75e+06	3.18395
Pcer_chr2A	8.25e+06	2.51308
Pcer_chr2A	8.75e+06	1.0517
Pcer_chr2A	9.25e+06	2.03565
Pcer_chr2A	9.75e+06	4.60016
Pcer_chr2A	1.025e+07	4.98878
Pcer_chr2A	1.075e+07	4.10116
Pcer_chr2A	1.125e+07	3.96871
Pcer_chr2A	1.175e+07	5.23175
Pcer_chr2A	1.225e+07	3.74577
Pcer_chr2A	1.275e+07	3.90445
Pcer_chr2A	1.325e+07	3.90498
Pcer_chr2A	1.375e+07	1.34328
Pcer_chr2A	1.425e+07	0.37123
Pcer_chr2A	1.475e+07	1.13975
Pcer_chr2A	1.525e+07	3.68501
Pcer_chr2A	1.575e+07	0.98618
Pcer_chr2A	1.625e+07	2.85607
Pcer_chr2A	1.675e+07	1.7823
Pcer_chr2A	1.725e+07	3.68894
Pcer_chr2A	1.775e+07	5.58873
Pcer_chr2A	1.825e+07	2.52495
Pcer_chr2A	1.875e+07	3.70305
Pcer_chr2A	1.925e+07	4.11286
Pcer_chr2A	1.975e+07	2.32419
Pcer_chr2A	2.025e+07	3.35738
Pcer_chr2A	2.075e+07	0.563698
Pcer_chr2A	2.125e+07	3.39277
Pcer_chr2A	2.175e+07	3.86876
Pcer_chr2A	2.225e+07	3.63982
Pcer_chr2A	2.275e+07	4.07272
Pcer_chr2A	2.325e+07	3.00474
Pcer_chr2A	2.375e+07	3.58428
Pcer_chr2A	2.425e+07	4.11932
Pcer_chr2A	2.475e+07	4.16777
Pcer_chr2A	2.525e+07	4.41487
Pcer_chr2A	2.575e+07	4.20517
Pcer_chr2A	2.625e+07	6.77124
Pcer_chr2A	2.675e+07	4.10953
Pcer_chr2A	2.725e+07	3.70701
Pcer_chr2A	2.775e+07	3.64108
Pcer_chr2A	2.825e+07	3.85048
Pcer_chr2A	2.875e+07	3.81571
Pcer_chr2A	2.925e+07	4.53535
Pcer_chr2A	2.975e+07	4.45619
Pcer_chr2A	3.025e+07	3.81241
Pcer_chr2A	3.075e+07	4.41443
Pcer_chr2A	3.125e+07	4.69117
Pcer_chr2A	3.175e+07	4.59435
Pcer_chr2A	3.225e+07	16.6291
Pcer_chr2A	3.275e+07	10.6328
Pcer_chr2A	3.325e+07	3.93872
Pcer_chr2A	3.375e+07	4.00823
Pcer_chr2A	3.425e+07	3.77123
Pcer_chr2A	3.475e+07	3.93679
Pcer_chr2A	3.525e+07	5.02085
Pcer_chr2A	3.575e+07	4.30426
Pcer_chr2A__	250000	1.78831
Pcer_chr2A__	750000	0.334
Pcer_chr2A__	1.25e+06	0.258276
Pcer_chr2A__	1.75e+06	0.738028
Pcer_chr2A__	2.25e+06	1.29369
Pcer_chr2A__	2.75e+06	0.695222
Pcer_chr2A__	3.25e+06	2.23382
Pcer_chr2A__	3.75e+06	1.35123
Pcer_chr2A__	4.25e+06	6.02361
Pcer_chr2A__	4.75e+06	4.81884
Pcer_chr2A__	5.25e+06	4.53052
Pcer_chr2A__	5.75e+06	3.95426
Pcer_chr2A__	6.25e+06	2.81263
Pcer_chr2A__	6.75e+06	5.46758
Pcer_chr2A__	7.25e+06	5.35011
Pcer_chr2A__	7.75e+06	6.64551
Pcer_chr2A__	8.25e+06	7.91403
Pcer_chr2A__	8.75e+06	4.61979
Pcer_chr2A__	9.25e+06	6.06927
Pcer_chr2A__	9.75e+06	4.63513
Pcer_chr2A__	1.025e+07	1.33205
Pcer_chr2A__	1.075e+07	6.99271
Pcer_chr2A__	1.125e+07	5.73575
Pcer_chr2A__	1.175e+07	3.44489
Pcer_chr2A__	1.225e+07	1.91194
Pcer_chr2A__	1.275e+07	4.62677
Pcer_chr2A__	1.325e+07	2.8097
Pcer_chr2A__	1.375e+07	3.19363
Pcer_chr2A__	1.425e+07	0.511464
Pcer_chr2A__	1.475e+07	5.5905
Pcer_chr2A__	1.525e+07	7.70439
Pcer_chr2A__	1.575e+07	7.5465
Pcer_chr2A__	1.625e+07	7.49424
Pcer_chr2A__	1.675e+07	6.23668
Pcer_chr2A__	1.725e+07	8.35887
Pcer_chr2A__	1.775e+07	7.4254
Pcer_chr2A__	1.825e+07	8.14104
Pcer_chr2A__	1.875e+07	6.62066
Pcer_chr2A__	1.925e+07	5.46236
Pcer_chr2A__	1.975e+07	7.71784
Pcer_chr2A__	2.025e+07	7.00834
Pcer_chr2A__	2.075e+07	7.90503
Pcer_chr2A__	2.125e+07	6.67512
Pcer_chr2A__	2.175e+07	8.2853
Pcer_chr2A__	2.225e+07	7.77361
Pcer_chr2A__	2.275e+07	7.60633
Pcer_chr2A__	2.325e+07	7.5265
Pcer_chr2A__	2.375e+07	6.69721
Pcer_chr2A__	2.425e+07	7.84903
Pcer_chr2A__	2.475e+07	7.96682
Pcer_chr2A__	2.525e+07	6.3795
Pcer_chr2A__	2.575e+07	8.05284
Pcer_chr2A__	2.625e+07	4.10376
Pcer_chr2A__	2.675e+07	3.51812
Pcer_chr2A__	2.725e+07	5.64194
Pcer_chr2A__	2.775e+07	4.13476
Pcer_chr2A__	2.825e+07	4.13062
Pcer_chr2A__	2.875e+07	3.8621
Pcer_chr2A__	2.925e+07	2.96125
Pcer_chr2A__	2.975e+07	3.98477
Pcer_chr2A__	3.025e+07	0.50798
Pcer_chr2A__	3.075e+07	1.77684
Pcer_chr2A__	3.125e+07	4.00536
Pcer_chr2A__	3.175e+07	4.36144
Pcer_chr2A__	3.225e+07	4.21152
Pcer_chr2A__	3.275e+07	3.9529
Pcer_chr2A__	3.325e+07	4.38151
Pcer_chr2A__	3.375e+07	3.92647
Pcer_chr2A__	3.425e+07	4.27732
Pcer_chr2A__	3.475e+07	3.99556
Pcer_chr2A__	3.525e+07	4.42654
Pcer_chr2A__	3.575e+07	4.11177
Pcer_chr2B	250000	4.77558
Pcer_chr2B	750000	9.48969
Pcer_chr2B	1.25e+06	7.71048
Pcer_chr2B	1.75e+06	10.8993
Pcer_chr2B	2.25e+06	9.62951
Pcer_chr2B	2.75e+06	8.98197
Pcer_chr2B	3.25e+06	10.8598
Pcer_chr2B	3.75e+06	7.33207
Pcer_chr2B	4.25e+06	6.66976
Pcer_chr2B	4.75e+06	5.48368
Pcer_chr2B	5.25e+06	7.39765
Pcer_chr2B	5.75e+06	4.24633
Pcer_chr2B	6.25e+06	6.28069
Pcer_chr2B	6.75e+06	3.50026
Pcer_chr2B	7.25e+06	3.72993
Pcer_chr2B	7.75e+06	3.39017
Pcer_chr2B	8.25e+06	2.59761
Pcer_chr2B	8.75e+06	1.51017
Pcer_chr2B	9.25e+06	2.62049
Pcer_chr2B	9.75e+06	5.0819
Pcer_chr2B	1.025e+07	1.91997
Pcer_chr2B	1.075e+07	3.41032
Pcer_chr2B	1.125e+07	3.31335
Pcer_chr2B	1.175e+07	4.2075
Pcer_chr2B	1.225e+07	3.33764
Pcer_chr2B	1.275e+07	4.15471
Pcer_chr2B	1.325e+07	7.1833
Pcer_chr2B	1.375e+07	5.15524
Pcer_chr2B	1.425e+07	3.82716
Pcer_chr2B	1.475e+07	4.04924
Pcer_chr2B	1.525e+07	5.87882
Pcer_chr2B	1.575e+07	5.90817
Pcer_chr2B	1.625e+07	4.84095
Pcer_chr2B	1.675e+07	6.6372
Pcer_chr2B	1.725e+07	0.827542
Pcer_chr2B	1.775e+07	1.06442
Pcer_chr2B	1.825e+07	2.8121
Pcer_chr2B	1.875e+07	3.57179
Pcer_chr2B	1.925e+07	4.81971
Pcer_chr2B	1.975e+07	3.19904
Pcer_chr2B	2.025e+07	2.58516
Pcer_chr2B	2.075e+07	3.38644
Pcer_chr2B	2.125e+07	2.93922
Pcer_chr2B	2.175e+07	3.80702
Pcer_chr2B	2.225e+07	3.36197
Pcer_chr2B	2.275e+07	2.65492
Pcer_chr2B	2.325e+07	2.44998
Pcer_chr2B	2.375e+07	4.22491
Pcer_chr2B	2.425e+07	3.53073
Pcer_chr2B	2.475e+07	3.92928
Pcer_chr2B	2.525e+07	3.97252
Pcer_chr2B	2.575e+07	3.71455
Pcer_chr2B	2.625e+07	3.2186
Pcer_chr2B	2.675e+07	4.80294
Pcer_chr2B	2.725e+07	7.1526
Pcer_chr2B	2.775e+07	7.45341
Pcer_chr2B	2.825e+07	7.5327
Pcer_chr2B	2.875e+07	7.4257
Pcer_chr2B	2.925e+07	5.56027
Pcer_chr2B	2.975e+07	7.66342
Pcer_chr2B	3.025e+07	8.04277
Pcer_chr2B	3.075e+07	8.54427
Pcer_chr2B	3.125e+07	8.18841
Pcer_chr2B	3.175e+07	6.98471
Pcer_chr2B	3.225e+07	7.21099
Pcer_chr2B	3.275e+07	8.5225
Pcer_chr2B	3.325e+07	7.9243
Pcer_chr2B	3.375e+07	6.01071
Pcer_chr2B	3.425e+07	8.31038
Pcer_chr2B	3.475e+07	7.84724
Pcer_chr2B	3.525e+07	8.66932
Pcer_chr2B	3.575e+07	8.43567
Pcer_chr3A	250000	4.56318
Pcer_chr3A	750000	4.41271
Pcer_chr3A	1.25e+06	4.78148
Pcer_chr3A	1.75e+06	4.7862
Pcer_chr3A	2.25e+06	4.08467
Pcer_chr3A	2.75e+06	5.0325
Pcer_chr3A	3.25e+06	4.09615
Pcer_chr3A	3.75e+06	4.47029
Pcer_chr3A	4.25e+06	4.15159
Pcer_chr3A	4.75e+06	4.08306
Pcer_chr3A	5.25e+06	4.21835
Pcer_chr3A	5.75e+06	4.10819
Pcer_chr3A	6.25e+06	4.1477
Pcer_chr3A	6.75e+06	4.00146
Pcer_chr3A	7.25e+06	4.58749
Pcer_chr3A	7.75e+06	4.56799
Pcer_chr3A	8.25e+06	4.32928
Pcer_chr3A	8.75e+06	4.63482
Pcer_chr3A	9.25e+06	6.28945
Pcer_chr3A	9.75e+06	3.76403
Pcer_chr3A	1.025e+07	4.38483
Pcer_chr3A	1.075e+07	5.15787
Pcer_chr3A	1.125e+07	4.67185
Pcer_chr3A	1.175e+07	3.93775
Pcer_chr3A	1.225e+07	5.43967
Pcer_chr3A	1.275e+07	4.00191
Pcer_chr3A	1.325e+07	4.05
Pcer_chr3A	1.375e+07	3.9269
Pcer_chr3A	1.425e+07	4.70952
Pcer_chr3A	1.475e+07	4.74109
Pcer_chr3A	1.525e+07	4.02999
Pcer_chr3A	1.575e+07	5.25447
Pcer_chr3A	1.625e+07	4.5224
Pcer_chr3A	1.675e+07	4.03146
Pcer_chr3A	1.725e+07	4.31415
Pcer_chr3A	1.775e+07	4.12043
Pcer_chr3A	1.825e+07	3.99835
Pcer_chr3A	1.875e+07	4.54779
Pcer_chr3A	1.925e+07	4.17461
Pcer_chr3A	1.975e+07	4.08646
Pcer_chr3A	2.025e+07	4.6092
Pcer_chr3A	2.075e+07	4.30998
Pcer_chr3A	2.125e+07	4.20175
Pcer_chr3A	2.175e+07	3.87217
Pcer_chr3A	2.225e+07	4.11095
Pcer_chr3A	2.275e+07	5.10759
Pcer_chr3A	2.325e+07	7.13198
Pcer_chr3A	2.375e+07	6.54308
Pcer_chr3A	2.425e+07	4.21744
Pcer_chr3A	2.475e+07	4.15018
Pcer_chr3A	2.525e+07	5.32644
Pcer_chr3A	2.575e+07	6.20447
Pcer_chr3A	2.625e+07	4.36812
Pcer_chr3A	2.675e+07	6.2009
Pcer_chr3A	2.725e+07	5.52977
Pcer_chr3A	2.775e+07	4.0346
Pcer_chr3A	2.825e+07	8.10077
Pcer_chr3A	2.875e+07	8.46795
Pcer_chr3A	2.925e+07	8.9588
Pcer_chr3A__	250000	4.20254
Pcer_chr3A__	750000	3.95864
Pcer_chr3A__	1.25e+06	4.15617
Pcer_chr3A__	1.75e+06	4.25458
Pcer_chr3A__	2.25e+06	4.608
Pcer_chr3A__	2.75e+06	4.0031
Pcer_chr3A__	3.25e+06	3.74003
Pcer_chr3A__	3.75e+06	4.73573
Pcer_chr3A__	4.25e+06	3.59485
Pcer_chr3A__	4.75e+06	3.8687
Pcer_chr3A__	5.25e+06	3.84576
Pcer_chr3A__	5.75e+06	3.85926
Pcer_chr3A__	6.25e+06	3.91872
Pcer_chr3A__	6.75e+06	4.16278
Pcer_chr3A__	7.25e+06	3.5569
Pcer_chr3A__	7.75e+06	3.94642
Pcer_chr3A__	8.25e+06	4.33226
Pcer_chr3A__	8.75e+06	64.049
Pcer_chr3A__	9.25e+06	4.12188
Pcer_chr3A__	9.75e+06	3.81263
Pcer_chr3A__	1.025e+07	4.49682
Pcer_chr3A__	1.075e+07	3.66338
Pcer_chr3A__	1.125e+07	4.54802
Pcer_chr3A__	1.175e+07	2.96946
Pcer_chr3A__	1.225e+07	3.73365
Pcer_chr3A__	1.275e+07	3.66324
Pcer_chr3A__	1.325e+07	3.12397
Pcer_chr3A__	1.375e+07	3.47647
Pcer_chr3A__	1.425e+07	6.66813
Pcer_chr3A__	1.475e+07	3.24708
Pcer_chr3A__	1.525e+07	3.25537
Pcer_chr3A__	1.575e+07	3.05697
Pcer_chr3A__	1.625e+07	2.3679
Pcer_chr3A__	1.675e+07	3.89254
Pcer_chr3A__	1.725e+07	4.71866
Pcer_chr3A__	1.775e+07	3.35812
Pcer_chr3A__	1.825e+07	4.11822
Pcer_chr3A__	1.875e+07	3.26237
Pcer_chr3A__	1.925e+07	2.96525
Pcer_chr3A__	1.975e+07	3.88987
Pcer_chr3A__	2.025e+07	4.28173
Pcer_chr3A__	2.075e+07	4.71054
Pcer_chr3A__	2.125e+07	4.62593
Pcer_chr3A__	2.175e+07	3.99601
Pcer_chr3A__	2.225e+07	2.82894
Pcer_chr3A__	2.275e+07	4.29904
Pcer_chr3A__	2.325e+07	10.081
Pcer_chr3A__	2.375e+07	4.94411
Pcer_chr3A__	2.425e+07	6.49312
Pcer_chr3A__	2.475e+07	3.58286
Pcer_chr3A__	2.525e+07	4.11823
Pcer_chr3A__	2.575e+07	4.98923
Pcer_chr3A__	2.625e+07	3.5277
Pcer_chr3A__	2.675e+07	4.92089
Pcer_chr3A__	2.725e+07	5.25587
Pcer_chr3A__	2.775e+07	3.70202
Pcer_chr3A__	2.825e+07	4.18234
Pcer_chr3A__	2.875e+07	6.95103
Pcer_chr3A__	2.925e+07	4.54911
Pcer_chr3B	250000	7.70854
Pcer_chr3B	750000	10.1341
Pcer_chr3B	1.25e+06	7.33211
Pcer_chr3B	1.75e+06	7.6671
Pcer_chr3B	2.25e+06	5.84805
Pcer_chr3B	2.75e+06	4.48352
Pcer_chr3B	3.25e+06	7.27098
Pcer_chr3B	3.75e+06	8.27729
Pcer_chr3B	4.25e+06	5.97393
Pcer_chr3B	4.75e+06	3.9586
Pcer_chr3B	5.25e+06	6.18856
Pcer_chr3B	5.75e+06	6.97946
Pcer_chr3B	6.25e+06	8.21298
Pcer_chr3B	6.75e+06	7.25274
Pcer_chr3B	7.25e+06	5.99816
Pcer_chr3B	7.75e+06	6.66061
Pcer_chr3B	8.25e+06	5.10599
Pcer_chr3B	8.75e+06	5.6647
Pcer_chr3B	9.25e+06	7.23493
Pcer_chr3B	9.75e+06	6.05215
Pcer_chr3B	1.025e+07	6.01029
Pcer_chr3B	1.075e+07	6.62725
Pcer_chr3B	1.125e+07	7.14049
Pcer_chr3B	1.175e+07	6.81849
Pcer_chr3B	1.225e+07	8.28631
Pcer_chr3B	1.275e+07	11.5628
Pcer_chr3B	1.325e+07	8.55312
Pcer_chr3B	1.375e+07	6.03085
Pcer_chr3B	1.425e+07	5.61673
Pcer_chr3B	1.475e+07	8.22705
Pcer_chr3B	1.525e+07	7.53502
Pcer_chr3B	1.575e+07	4.59325
Pcer_chr3B	1.625e+07	7.2052
Pcer_chr3B	1.675e+07	5.83366
Pcer_chr3B	1.725e+07	6.3904
Pcer_chr3B	1.775e+07	5.81526
Pcer_chr3B	1.825e+07	4.48132
Pcer_chr3B	1.875e+07	5.65092
Pcer_chr3B	1.925e+07	7.9347
Pcer_chr3B	1.975e+07	7.39349
Pcer_chr3B	2.025e+07	7.71368
Pcer_chr3B	2.075e+07	7.82524
Pcer_chr3B	2.125e+07	7.64575
Pcer_chr3B	2.175e+07	6.91622
Pcer_chr3B	2.225e+07	6.26701
Pcer_chr3B	2.275e+07	7.4409
Pcer_chr3B	2.325e+07	7.31461
Pcer_chr3B	2.375e+07	6.91823
Pcer_chr3B	2.425e+07	6.52212
Pcer_chr3B	2.475e+07	5.98185
Pcer_chr3B	2.525e+07	7.49772
Pcer_chr3B	2.575e+07	5.63054
Pcer_chr3B	2.625e+07	9.1444
Pcer_chr3B	2.675e+07	7.02238
Pcer_chr3B	2.725e+07	4.44894
Pcer_chr3B	2.775e+07	3.75879
Pcer_chr3B	2.825e+07	8.11454
Pcer_chr4A	250000	3.63014
Pcer_chr4A	750000	0.569874
Pcer_chr4A	1.25e+06	2.48862
Pcer_chr4A	1.75e+06	1.05417
Pcer_chr4A	2.25e+06	0.519274
Pcer_chr4A	2.75e+06	0.343438
Pcer_chr4A	3.25e+06	0.629498
Pcer_chr4A	3.75e+06	1.72612
Pcer_chr4A	4.25e+06	1.41003
Pcer_chr4A	4.75e+06	0.270712
Pcer_chr4A	5.25e+06	0.261624
Pcer_chr4A	5.75e+06	0.309092
Pcer_chr4A	6.25e+06	0.797174
Pcer_chr4A	6.75e+06	2.84857
Pcer_chr4A	7.25e+06	5.36079
Pcer_chr4A	7.75e+06	5.15408
Pcer_chr4A	8.25e+06	4.54718
Pcer_chr4A	8.75e+06	4.26344
Pcer_chr4A	9.25e+06	4.71436
Pcer_chr4A	9.75e+06	5.32377
Pcer_chr4A	1.025e+07	4.28995
Pcer_chr4A	1.075e+07	4.07462
Pcer_chr4A	1.125e+07	4.28712
Pcer_chr4A	1.175e+07	4.25089
Pcer_chr4A	1.225e+07	4.30236
Pcer_chr4A	1.275e+07	5.91885
Pcer_chr4A	1.325e+07	4.44314
Pcer_chr4A	1.375e+07	4.49999
Pcer_chr4A	1.425e+07	4.18006
Pcer_chr4A	1.475e+07	4.34852
Pcer_chr4A	1.525e+07	3.88235
Pcer_chr4A	1.575e+07	4.15064
Pcer_chr4A	1.625e+07	3.90083
Pcer_chr4A	1.675e+07	4.10625
Pcer_chr4A	1.725e+07	4.02184
Pcer_chr4A	1.775e+07	5.34824
Pcer_chr4A	1.825e+07	6.39701
Pcer_chr4A	1.875e+07	3.89043
Pcer_chr4A	1.925e+07	4.50535
Pcer_chr4A	1.975e+07	4.48515
Pcer_chr4A	2.025e+07	4.02494
Pcer_chr4A	2.075e+07	3.80367
Pcer_chr4A	2.125e+07	3.46622
Pcer_chr4A	2.175e+07	3.7577
Pcer_chr4A	2.225e+07	3.55178
Pcer_chr4A	2.275e+07	3.79973
Pcer_chr4A	2.325e+07	4.56306
Pcer_chr4A	2.375e+07	4.12333
Pcer_chr4A	2.425e+07	4.88271
Pcer_chr4A	2.475e+07	3.25064
Pcer_chr4A	2.525e+07	3.8168
Pcer_chr4A	2.575e+07	4.31146
Pcer_chr4A	2.625e+07	4.58832
Pcer_chr4A	2.675e+07	4.58628
Pcer_chr4A	2.725e+07	14.3065
Pcer_chr4A	2.775e+07	4.20412
Pcer_chr4A	2.825e+07	4.1749
Pcer_chr4A	2.875e+07	4.08994
Pcer_chr4A	2.925e+07	4.15355
Pcer_chr4A	2.975e+07	5.43076
Pcer_chr4A	3.025e+07	5.8368
Pcer_chr4A	3.075e+07	4.44748
Pcer_chr4A__	250000	4.1346
Pcer_chr4A__	750000	4.66004
Pcer_chr4A__	1.25e+06	3.87873
Pcer_chr4A__	1.75e+06	4.1513
Pcer_chr4A__	2.25e+06	4.16422
Pcer_chr4A__	2.75e+06	4.02141
Pcer_chr4A__	3.25e+06	4.27382
Pcer_chr4A__	3.75e+06	4.09761
Pcer_chr4A__	4.25e+06	4.9141
Pcer_chr4A__	4.75e+06	4.23994
Pcer_chr4A__	5.25e+06	4.71851
Pcer_chr4A__	5.75e+06	4.40885
Pcer_chr4A__	6.25e+06	4.25296
Pcer_chr4A__	6.75e+06	3.27152
Pcer_chr4A__	7.25e+06	3.24123
Pcer_chr4A__	7.75e+06	3.52069
Pcer_chr4A__	8.25e+06	4.40968
Pcer_chr4A__	8.75e+06	3.80935
Pcer_chr4A__	9.25e+06	4.38115
Pcer_chr4A__	9.75e+06	3.71448
Pcer_chr4A__	1.025e+07	4.32291
Pcer_chr4A__	1.075e+07	4.12715
Pcer_chr4A__	1.125e+07	4.41857
Pcer_chr4A__	1.175e+07	4.07327
Pcer_chr4A__	1.225e+07	3.61349
Pcer_chr4A__	1.275e+07	4.08996
Pcer_chr4A__	1.325e+07	3.25746
Pcer_chr4A__	1.375e+07	3.96462
Pcer_chr4A__	1.425e+07	3.98301
Pcer_chr4A__	1.475e+07	3.56648
Pcer_chr4A__	1.525e+07	4.11508
Pcer_chr4A__	1.575e+07	3.75015
Pcer_chr4A__	1.625e+07	3.58322
Pcer_chr4A__	1.675e+07	3.13296
Pcer_chr4A__	1.725e+07	3.86666
Pcer_chr4A__	1.775e+07	3.34301
Pcer_chr4A__	1.825e+07	2.38067
Pcer_chr4A__	1.875e+07	3.39585
Pcer_chr4A__	1.925e+07	3.35145
Pcer_chr4A__	1.975e+07	4.70574
Pcer_chr4A__	2.025e+07	3.93818
Pcer_chr4A__	2.075e+07	2.75354
Pcer_chr4A__	2.125e+07	3.75034
Pcer_chr4A__	2.175e+07	4.06913
Pcer_chr4A__	2.225e+07	4.00128
Pcer_chr4A__	2.275e+07	3.63869
Pcer_chr4A__	2.325e+07	3.86488
Pcer_chr4A__	2.375e+07	3.41435
Pcer_chr4A__	2.425e+07	4.1612
Pcer_chr4A__	2.475e+07	4.03539
Pcer_chr4A__	2.525e+07	4.61205
Pcer_chr4A__	2.575e+07	4.16515
Pcer_chr4A__	2.625e+07	4.24885
Pcer_chr4A__	2.675e+07	7.62671
Pcer_chr4A__	2.725e+07	3.72996
Pcer_chr4A__	2.775e+07	3.97814
Pcer_chr4A__	2.825e+07	3.81669
Pcer_chr4A__	2.875e+07	3.25473
Pcer_chr4A__	2.925e+07	4.66488
Pcer_chr4A__	2.975e+07	4.19848
Pcer_chr4A__	3.025e+07	4.27481
Pcer_chr4A__	3.075e+07	4.53283
Pcer_chr4A__	3.125e+07	8.56062
Pcer_chr4B	250000	11.669
Pcer_chr4B	750000	12.336
Pcer_chr4B	1.25e+06	8.94093
Pcer_chr4B	1.75e+06	10.2213
Pcer_chr4B	2.25e+06	12.3827
Pcer_chr4B	2.75e+06	12.1197
Pcer_chr4B	3.25e+06	8.46294
Pcer_chr4B	3.75e+06	8.8373
Pcer_chr4B	4.25e+06	7.834
Pcer_chr4B	4.75e+06	11.1864
Pcer_chr4B	5.25e+06	9.0209
Pcer_chr4B	5.75e+06	7.92788
Pcer_chr4B	6.25e+06	9.32791
Pcer_chr4B	6.75e+06	4.6351
Pcer_chr4B	7.25e+06	5.89352
Pcer_chr4B	7.75e+06	4.27942
Pcer_chr4B	8.25e+06	6.14947
Pcer_chr4B	8.75e+06	5.94703
Pcer_chr4B	9.25e+06	5.18206
Pcer_chr4B	9.75e+06	7.22012
Pcer_chr4B	1.025e+07	6.95665
Pcer_chr4B	1.075e+07	6.22723
Pcer_chr4B	1.125e+07	6.23836
Pcer_chr4B	1.175e+07	6.26059
Pcer_chr4B	1.225e+07	5.98856
Pcer_chr4B	1.275e+07	5.83848
Pcer_chr4B	1.325e+07	5.9747
Pcer_chr4B	1.375e+07	7.17994
Pcer_chr4B	1.425e+07	7.40854
Pcer_chr4B	1.475e+07	7.14952
Pcer_chr4B	1.525e+07	7.33518
Pcer_chr4B	1.575e+07	6.66888
Pcer_chr4B	1.625e+07	7.56645
Pcer_chr4B	1.675e+07	8.36386
Pcer_chr4B	1.725e+07	4.95383
Pcer_chr4B	1.775e+07	6.2101
Pcer_chr4B	1.825e+07	6.27222
Pcer_chr4B	1.875e+07	6.47967
Pcer_chr4B	1.925e+07	8.62818
Pcer_chr4B	1.975e+07	8.78333
Pcer_chr4B	2.025e+07	6.75749
Pcer_chr4B	2.075e+07	7.26141
Pcer_chr4B	2.125e+07	8.10117
Pcer_chr4B	2.175e+07	7.06831
Pcer_chr4B	2.225e+07	10.0876
Pcer_chr4B	2.275e+07	7.51257
Pcer_chr4B	2.325e+07	7.08023
Pcer_chr4B	2.375e+07	6.59744
Pcer_chr4B	2.425e+07	7.92132
Pcer_chr4B	2.475e+07	11.7198
Pcer_chr4B	2.525e+07	6.59057
Pcer_chr4B	2.575e+07	35.8007
Pcer_chr4B	2.625e+07	10.0699
Pcer_chr5A	250000	5.13424
Pcer_chr5A	750000	4.92394
Pcer_chr5A	1.25e+06	6.25202
Pcer_chr5A	1.75e+06	4.25755
Pcer_chr5A	2.25e+06	4.55342
Pcer_chr5A	2.75e+06	3.80274
Pcer_chr5A	3.25e+06	7.70795
Pcer_chr5A	3.75e+06	3.99055
Pcer_chr5A	4.25e+06	9.93271
Pcer_chr5A	4.75e+06	3.79726
Pcer_chr5A	5.25e+06	6.6654
Pcer_chr5A	5.75e+06	4.12401
Pcer_chr5A	6.25e+06	4.02395
Pcer_chr5A	6.75e+06	4.76885
Pcer_chr5A	7.25e+06	4.0935
Pcer_chr5A	7.75e+06	4.75248
Pcer_chr5A	8.25e+06	4.45284
Pcer_chr5A	8.75e+06	3.89868
Pcer_chr5A	9.25e+06	4.42413
Pcer_chr5A	9.75e+06	2.69701
Pcer_chr5A	1.025e+07	4.00527
Pcer_chr5A	1.075e+07	3.05186
Pcer_chr5A	1.125e+07	4.11223
Pcer_chr5A	1.175e+07	4.71424
Pcer_chr5A	1.225e+07	3.85209
Pcer_chr5A	1.275e+07	3.68275
Pcer_chr5A	1.325e+07	3.85671
Pcer_chr5A	1.375e+07	5.5326
Pcer_chr5A	1.425e+07	4.23405
Pcer_chr5A	1.475e+07	4.10531
Pcer_chr5A	1.525e+07	3.99713
Pcer_chr5A	1.575e+07	4.54608
Pcer_chr5A	1.625e+07	3.97261
Pcer_chr5A	1.675e+07	3.52685
Pcer_chr5A	1.725e+07	6.39822
Pcer_chr5A	1.775e+07	7.87558
Pcer_chr5A	1.825e+07	8.70316
Pcer_chr5A	1.875e+07	7.27068
Pcer_chr5A	1.925e+07	8.48757
Pcer_chr5A	1.975e+07	7.45102
Pcer_chr5A	2.025e+07	7.38257
Pcer_chr5A	2.075e+07	7.74191
Pcer_chr5A	2.125e+07	8.13889
Pcer_chr5A	2.175e+07	7.84391
Pcer_chr5A	2.225e+07	7.53209
Pcer_chr5A	2.275e+07	33.8096
Pcer_chr5A	2.325e+07	7.81452
Pcer_chr5A	2.375e+07	8.65258
Pcer_chr5A	2.425e+07	6.53334
Pcer_chr5A	2.475e+07	8.64241
Pcer_chr5A	2.525e+07	7.7704
Pcer_chr5A__	250000	19.9042
Pcer_chr5A__	750000	5.03325
Pcer_chr5A__	1.25e+06	4.36829
Pcer_chr5A__	1.75e+06	4.6664
Pcer_chr5A__	2.25e+06	4.08377
Pcer_chr5A__	2.75e+06	4.02471
Pcer_chr5A__	3.25e+06	4.08331
Pcer_chr5A__	3.75e+06	5.57455
Pcer_chr5A__	4.25e+06	4.25014
Pcer_chr5A__	4.75e+06	3.92394
Pcer_chr5A__	5.25e+06	4.05812
Pcer_chr5A__	5.75e+06	4.01091
Pcer_chr5A__	6.25e+06	4.19627
Pcer_chr5A__	6.75e+06	4.07483
Pcer_chr5A__	7.25e+06	11.5515
Pcer_chr5A__	7.75e+06	4.10913
Pcer_chr5A__	8.25e+06	4.6189
Pcer_chr5A__	8.75e+06	4.55003
Pcer_chr5A__	9.25e+06	4.59689
Pcer_chr5A__	9.75e+06	3.9599
Pcer_chr5A__	1.025e+07	4.06057
Pcer_chr5A__	1.075e+07	5.14701
Pcer_chr5A__	1.125e+07	4.43866
Pcer_chr5A__	1.175e+07	4.93777
Pcer_chr5A__	1.225e+07	3.94252
Pcer_chr5A__	1.275e+07	4.43394
Pcer_chr5A__	1.325e+07	4.24771
Pcer_chr5A__	1.375e+07	4.90343
Pcer_chr5A__	1.425e+07	4.11554
Pcer_chr5A__	1.475e+07	4.21188
Pcer_chr5A__	1.525e+07	4.43196
Pcer_chr5A__	1.575e+07	4.14111
Pcer_chr5A__	1.625e+07	4.86404
Pcer_chr5A__	1.675e+07	5.61721
Pcer_chr5A__	1.725e+07	3.58931
Pcer_chr5A__	1.775e+07	0.2129
Pcer_chr5A__	1.825e+07	0.18544
Pcer_chr5A__	1.875e+07	0.09823
Pcer_chr5A__	1.925e+07	0.23644
Pcer_chr5A__	1.975e+07	0.401018
Pcer_chr5A__	2.025e+07	0.2381
Pcer_chr5A__	2.075e+07	0.150264
Pcer_chr5A__	2.125e+07	1.21295
Pcer_chr5A__	2.175e+07	0.076418
Pcer_chr5A__	2.225e+07	0.075852
Pcer_chr5A__	2.275e+07	0.129094
Pcer_chr5A__	2.325e+07	0.307276
Pcer_chr5A__	2.375e+07	0.287666
Pcer_chr5A__	2.425e+07	0.09609
Pcer_chr5B	250000	11.8066
Pcer_chr5B	750000	9.19853
Pcer_chr5B	1.25e+06	9.86388
Pcer_chr5B	1.75e+06	8.95668
Pcer_chr5B	2.25e+06	7.43404
Pcer_chr5B	2.75e+06	6.91765
Pcer_chr5B	3.25e+06	6.9378
Pcer_chr5B	3.75e+06	7.39004
Pcer_chr5B	4.25e+06	7.47889
Pcer_chr5B	4.75e+06	7.27866
Pcer_chr5B	5.25e+06	4.9172
Pcer_chr5B	5.75e+06	7.95251
Pcer_chr5B	6.25e+06	22.1893
Pcer_chr5B	6.75e+06	7.65644
Pcer_chr5B	7.25e+06	10.0866
Pcer_chr5B	7.75e+06	7.21308
Pcer_chr5B	8.25e+06	7.10787
Pcer_chr5B	8.75e+06	6.9291
Pcer_chr5B	9.25e+06	7.58573
Pcer_chr5B	9.75e+06	7.12053
Pcer_chr5B	1.025e+07	7.6112
Pcer_chr5B	1.075e+07	6.21366
Pcer_chr5B	1.125e+07	8.02959
Pcer_chr5B	1.175e+07	6.81161
Pcer_chr5B	1.225e+07	6.87783
Pcer_chr5B	1.275e+07	8.08825
Pcer_chr5B	1.325e+07	8.28758
Pcer_chr5B	1.375e+07	7.5203
Pcer_chr5B	1.425e+07	8.06678
Pcer_chr5B	1.475e+07	8.09157
Pcer_chr5B	1.525e+07	8.26376
Pcer_chr5B	1.575e+07	6.89371
Pcer_chr5B	1.625e+07	7.99736
Pcer_chr5B	1.675e+07	8.29039
Pcer_chr5B	1.725e+07	8.67501
Pcer_chr5B	1.775e+07	7.78251
Pcer_chr5B	1.825e+07	8.31273
Pcer_chr5B	1.875e+07	7.63013
Pcer_chr5B	1.925e+07	7.75696
Pcer_chr5B	1.975e+07	8.13181
Pcer_chr5B	2.025e+07	6.86525
Pcer_chr5B	2.075e+07	8.05557
Pcer_chr6A	250000	4.15194
Pcer_chr6A	750000	4.04242
Pcer_chr6A	1.25e+06	3.39663
Pcer_chr6A	1.75e+06	3.79817
Pcer_chr6A	2.25e+06	3.77637
Pcer_chr6A	2.75e+06	5.44828
Pcer_chr6A	3.25e+06	4.16163
Pcer_chr6A	3.75e+06	3.6874
Pcer_chr6A	4.25e+06	3.50898
Pcer_chr6A	4.75e+06	9.3415
Pcer_chr6A	5.25e+06	7.73813
Pcer_chr6A	5.75e+06	7.07472
Pcer_chr6A	6.25e+06	7.70447
Pcer_chr6A	6.75e+06	6.76904
Pcer_chr6A	7.25e+06	8.20599
Pcer_chr6A	7.75e+06	7.49263
Pcer_chr6A	8.25e+06	9.71606
Pcer_chr6A	8.75e+06	8.2692
Pcer_chr6A	9.25e+06	6.79477
Pcer_chr6A	9.75e+06	7.5491
Pcer_chr6A	1.025e+07	7.57735
Pcer_chr6A	1.075e+07	5.75531
Pcer_chr6A	1.125e+07	7.82619
Pcer_chr6A	1.175e+07	7.47996
Pcer_chr6A	1.225e+07	7.51999
Pcer_chr6A	1.275e+07	4.91096
Pcer_chr6A	1.325e+07	5.18106
Pcer_chr6A	1.375e+07	6.48954
Pcer_chr6A	1.425e+07	7.21345
Pcer_chr6A	1.475e+07	7.04057
Pcer_chr6A	1.525e+07	7.05759
Pcer_chr6A	1.575e+07	7.81267
Pcer_chr6A	1.625e+07	6.80256
Pcer_chr6A	1.675e+07	7.41992
Pcer_chr6A	1.725e+07	7.46124
Pcer_chr6A	1.775e+07	7.71769
Pcer_chr6A	1.825e+07	5.30321
Pcer_chr6A	1.875e+07	6.964
Pcer_chr6A	1.925e+07	7.38483
Pcer_chr6A	1.975e+07	7.27061
Pcer_chr6A	2.025e+07	7.35252
Pcer_chr6A	2.075e+07	7.72904
Pcer_chr6A	2.125e+07	6.69964
Pcer_chr6A	2.175e+07	6.72014
Pcer_chr6A	2.225e+07	7.62424
Pcer_chr6A	2.275e+07	11.4983
Pcer_chr6A	2.325e+07	7.48158
Pcer_chr6A	2.375e+07	6.24162
Pcer_chr6A	2.425e+07	8.14523
Pcer_chr6A	2.475e+07	7.94114
Pcer_chr6A	2.525e+07	7.52276
Pcer_chr6A	2.575e+07	8.01715
Pcer_chr6A	2.625e+07	8.2742
Pcer_chr6A	2.675e+07	7.34467
Pcer_chr6A	2.725e+07	7.88965
Pcer_chr6A	2.775e+07	7.59191
Pcer_chr6A	2.825e+07	5.34156
Pcer_chr6A	2.875e+07	6.37062
Pcer_chr6A	2.925e+07	4.15674
Pcer_chr6A	2.975e+07	4.497
Pcer_chr6A	3.025e+07	4.14608
Pcer_chr6A	3.075e+07	4.52212
Pcer_chr6A	3.125e+07	3.91549
Pcer_chr6A	3.175e+07	4.19913
Pcer_chr6A	3.225e+07	4.70985
Pcer_chr6A	3.275e+07	4.68676
Pcer_chr6A	3.325e+07	4.2643
Pcer_chr6A	3.375e+07	4.38634
Pcer_chr6A	3.425e+07	4.13789
Pcer_chr6A	3.475e+07	4.36703
Pcer_chr6A__	250000	4.37693
Pcer_chr6A__	750000	3.81724
Pcer_chr6A__	1.25e+06	4.0999
Pcer_chr6A__	1.75e+06	4.15756
Pcer_chr6A__	2.25e+06	4.19509
Pcer_chr6A__	2.75e+06	5.07019
Pcer_chr6A__	3.25e+06	4.31239
Pcer_chr6A__	3.75e+06	4.10052
Pcer_chr6A__	4.25e+06	4.17023
Pcer_chr6A__	4.75e+06	0.913248
Pcer_chr6A__	5.25e+06	0.450104
Pcer_chr6A__	5.75e+06	0.924922
Pcer_chr6A__	6.25e+06	0.462576
Pcer_chr6A__	6.75e+06	0.26175
Pcer_chr6A__	7.25e+06	0.541278
Pcer_chr6A__	7.75e+06	0.328972
Pcer_chr6A__	8.25e+06	0.126578
Pcer_chr6A__	8.75e+06	0.459822
Pcer_chr6A__	9.25e+06	0.683692
Pcer_chr6A__	9.75e+06	0.413984
Pcer_chr6A__	1.025e+07	0.19719
Pcer_chr6A__	1.075e+07	0.452938
Pcer_chr6A__	1.125e+07	0.27032
Pcer_chr6A__	1.175e+07	0.48521
Pcer_chr6A__	1.225e+07	0.171666
Pcer_chr6A__	1.275e+07	1.05333
Pcer_chr6A__	1.325e+07	0.392998
Pcer_chr6A__	1.375e+07	0.116384
Pcer_chr6A__	1.425e+07	0.51046
Pcer_chr6A__	1.475e+07	0.208926
Pcer_chr6A__	1.525e+07	0.31451
Pcer_chr6A__	1.575e+07	0.25871
Pcer_chr6A__	1.625e+07	0.477628
Pcer_chr6A__	1.675e+07	0.380048
Pcer_chr6A__	1.725e+07	1.46217
Pcer_chr6A__	1.775e+07	0.890946
Pcer_chr6A__	1.825e+07	0.440502
Pcer_chr6A__	1.875e+07	0.608926
Pcer_chr6A__	1.925e+07	0.617102
Pcer_chr6A__	1.975e+07	0.506304
Pcer_chr6A__	2.025e+07	0.447266
Pcer_chr6A__	2.075e+07	0.465042
Pcer_chr6A__	2.125e+07	0.595614
Pcer_chr6A__	2.175e+07	1.6127
Pcer_chr6A__	2.225e+07	0.509754
Pcer_chr6A__	2.275e+07	0.467894
Pcer_chr6A__	2.325e+07	0.392544
Pcer_chr6A__	2.375e+07	1.02172
Pcer_chr6A__	2.425e+07	0.124504
Pcer_chr6A__	2.475e+07	1.06793
Pcer_chr6A__	2.525e+07	0.398954
Pcer_chr6A__	2.575e+07	0.21698
Pcer_chr6A__	2.625e+07	0.099044
Pcer_chr6A__	2.675e+07	0.335258
Pcer_chr6A__	2.725e+07	0.25495
Pcer_chr6A__	2.775e+07	0.393388
Pcer_chr6A__	2.825e+07	0.362704
Pcer_chr6A__	2.875e+07	2.88333
Pcer_chr6A__	2.925e+07	3.83354
Pcer_chr6A__	2.975e+07	3.26193
Pcer_chr6A__	3.025e+07	4.01733
Pcer_chr6A__	3.075e+07	4.26705
Pcer_chr6A__	3.125e+07	4.02856
Pcer_chr6A__	3.175e+07	4.07458
Pcer_chr6A__	3.225e+07	4.57577
Pcer_chr6A__	3.275e+07	3.87964
Pcer_chr6A__	3.325e+07	3.92651
Pcer_chr6A__	3.375e+07	4.06156
Pcer_chr6A__	3.425e+07	4.34817
Pcer_chr6B	250000	3.08118
Pcer_chr6B	750000	6.2239
Pcer_chr6B	1.25e+06	8.34395
Pcer_chr6B	1.75e+06	7.16228
Pcer_chr6B	2.25e+06	7.01832
Pcer_chr6B	2.75e+06	5.60913
Pcer_chr6B	3.25e+06	7.54531
Pcer_chr6B	3.75e+06	8.37202
Pcer_chr6B	4.25e+06	7.75527
Pcer_chr6B	4.75e+06	7.74512
Pcer_chr6B	5.25e+06	8.34041
Pcer_chr6B	5.75e+06	8.03652
Pcer_chr6B	6.25e+06	8.15115
Pcer_chr6B	6.75e+06	7.45034
Pcer_chr6B	7.25e+06	8.14024
Pcer_chr6B	7.75e+06	7.87377
Pcer_chr6B	8.25e+06	8.30886
Pcer_chr6B	8.75e+06	8.01692
Pcer_chr6B	9.25e+06	7.36401
Pcer_chr6B	9.75e+06	6.92828
Pcer_chr6B	1.025e+07	6.48334
Pcer_chr6B	1.075e+07	7.87616
Pcer_chr6B	1.125e+07	6.06514
Pcer_chr6B	1.175e+07	3.78463
Pcer_chr6B	1.225e+07	4.19093
Pcer_chr6B	1.275e+07	18.8265
Pcer_chr6B	1.325e+07	7.28065
Pcer_chr6B	1.375e+07	7.38604
Pcer_chr6B	1.425e+07	5.60044
Pcer_chr6B	1.475e+07	6.31234
Pcer_chr6B	1.525e+07	5.94923
Pcer_chr6B	1.575e+07	7.39511
Pcer_chr6B	1.625e+07	5.31468
Pcer_chr6B	1.675e+07	7.77754
Pcer_chr6B	1.725e+07	10.3579
Pcer_chr6B	1.775e+07	10.8798
Pcer_chr6B	1.825e+07	10.1244
Pcer_chr6B	1.875e+07	6.30512
Pcer_chr6B	1.925e+07	6.42786
Pcer_chr6B	1.975e+07	6.84192
Pcer_chr6B	2.025e+07	6.55762
Pcer_chr6B	2.075e+07	4.76392
Pcer_chr6B	2.125e+07	2.69364
Pcer_chr6B	2.175e+07	6.10982
Pcer_chr6B	2.225e+07	6.64532
Pcer_chr6B	2.275e+07	5.506
Pcer_chr6B	2.325e+07	6.82295
Pcer_chr6B	2.375e+07	6.55364
Pcer_chr6B	2.425e+07	10.2806
Pcer_chr6B	2.475e+07	7.50658
Pcer_chr6B	2.525e+07	7.23843
Pcer_chr6B	2.575e+07	7.86394
Pcer_chr6B	2.625e+07	8.32483
Pcer_chr6B	2.675e+07	6.25448
Pcer_chr6B	2.725e+07	6.98479
Pcer_chr6B	2.775e+07	8.43516
Pcer_chr6B	2.825e+07	7.25354
Pcer_chr6B	2.875e+07	7.36448
Pcer_chr6B	2.925e+07	4.90194
Pcer_chr6B	2.975e+07	9.53237
Pcer_chr6B	3.025e+07	8.15792
Pcer_chr6B	3.075e+07	7.77312
Pcer_chr6B	3.125e+07	7.08638
Pcer_chr6B	3.175e+07	7.5645
Pcer_chr6B	3.225e+07	8.25632
Pcer_chr6B	3.275e+07	8.26622
Pcer_chr6B	3.325e+07	7.97802
Pcer_chr6B	3.375e+07	7.99824
Pcer_chr7A	250000	9.71747
Pcer_chr7A	750000	7.87963
Pcer_chr7A	1.25e+06	6.90728
Pcer_chr7A	1.75e+06	7.4812
Pcer_chr7A	2.25e+06	6.55661
Pcer_chr7A	2.75e+06	5.54954
Pcer_chr7A	3.25e+06	8.22906
Pcer_chr7A	3.75e+06	7.89835
Pcer_chr7A	4.25e+06	7.71079
Pcer_chr7A	4.75e+06	8.31451
Pcer_chr7A	5.25e+06	7.88987
Pcer_chr7A	5.75e+06	7.58363
Pcer_chr7A	6.25e+06	7.61804
Pcer_chr7A	6.75e+06	7.76343
Pcer_chr7A	7.25e+06	7.68986
Pcer_chr7A	7.75e+06	7.53877
Pcer_chr7A	8.25e+06	7.7925
Pcer_chr7A	8.75e+06	8.19929
Pcer_chr7A	9.25e+06	7.78387
Pcer_chr7A	9.75e+06	7.81485
Pcer_chr7A	1.025e+07	8.43973
Pcer_chr7A	1.075e+07	6.2236
Pcer_chr7A	1.125e+07	6.08824
Pcer_chr7A	1.175e+07	7.78808
Pcer_chr7A	1.225e+07	6.79622
Pcer_chr7A	1.275e+07	6.58856
Pcer_chr7A	1.325e+07	6.16679
Pcer_chr7A	1.375e+07	7.37422
Pcer_chr7A	1.425e+07	5.18839
Pcer_chr7A	1.475e+07	7.03699
Pcer_chr7A	1.525e+07	6.37248
Pcer_chr7A	1.575e+07	5.18293
Pcer_chr7A	1.625e+07	7.39519
Pcer_chr7A	1.675e+07	8.80986
Pcer_chr7A	1.725e+07	5.62405
Pcer_chr7A	1.775e+07	4.36239
Pcer_chr7A	1.825e+07	3.71046
Pcer_chr7A	1.875e+07	3.10358
Pcer_chr7A	1.925e+07	3.68747
Pcer_chr7A	1.975e+07	2.91753
Pcer_chr7A	2.025e+07	3.44997
Pcer_chr7A	2.075e+07	3.35346
Pcer_chr7A	2.125e+07	0.872386
Pcer_chr7A	2.175e+07	0.173428
Pcer_chr7A	2.225e+07	0.98909
Pcer_chr7A	2.275e+07	1.38486
Pcer_chr7A	2.325e+07	0.27459
Pcer_chr7A	2.375e+07	0.303148
Pcer_chr7A	2.425e+07	0.187776
Pcer_chr7A	2.475e+07	0.229726
Pcer_chr7A	2.525e+07	0.480456
Pcer_chr7A	2.575e+07	0.242858
Pcer_chr7A	2.625e+07	0.2035
Pcer_chr7A	2.675e+07	3.43502
Pcer_chr7A	2.725e+07	0.21864
Pcer_chr7A	2.775e+07	1.00649
Pcer_chr7A__	250000	5.40618
Pcer_chr7A__	750000	6.50648
Pcer_chr7A__	1.25e+06	2.42305
Pcer_chr7A__	1.75e+06	3.6883
Pcer_chr7A__	2.25e+06	3.87765
Pcer_chr7A__	2.75e+06	4.24818
Pcer_chr7A__	3.25e+06	2.87446
Pcer_chr7A__	3.75e+06	1.97761
Pcer_chr7A__	4.25e+06	2.86471
Pcer_chr7A__	4.75e+06	2.33959
Pcer_chr7A__	5.25e+06	1.7457
Pcer_chr7A__	5.75e+06	3.68445
Pcer_chr7A__	6.25e+06	4.82588
Pcer_chr7A__	6.75e+06	5.05424
Pcer_chr7A__	7.25e+06	2.67815
Pcer_chr7A__	7.75e+06	3.12241
Pcer_chr7A__	8.25e+06	2.8202
Pcer_chr7A__	8.75e+06	5.90989
Pcer_chr7A__	9.25e+06	2.23949
Pcer_chr7A__	9.75e+06	2.7682
Pcer_chr7A__	1.025e+07	3.7462
Pcer_chr7A__	1.075e+07	3.22983
Pcer_chr7A__	1.125e+07	2.60364
Pcer_chr7A__	1.175e+07	2.66698
Pcer_chr7A__	1.225e+07	2.71831
Pcer_chr7A__	1.275e+07	4.16017
Pcer_chr7A__	1.325e+07	3.11013
Pcer_chr7A__	1.375e+07	5.07346
Pcer_chr7A__	1.425e+07	4.08939
Pcer_chr7A__	1.475e+07	7.75364
Pcer_chr7A__	1.525e+07	3.37816
Pcer_chr7A__	1.575e+07	3.50554
Pcer_chr7A__	1.625e+07	3.82848
Pcer_chr7A__	1.675e+07	3.96609
Pcer_chr7A__	1.725e+07	3.37861
Pcer_chr7A__	1.775e+07	4.04306
Pcer_chr7A__	1.825e+07	3.24974
Pcer_chr7A__	1.875e+07	3.48011
Pcer_chr7A__	1.925e+07	3.53393
Pcer_chr7A__	1.975e+07	3.83084
Pcer_chr7A__	2.025e+07	8.45481
Pcer_chr7A__	2.075e+07	8.42643
Pcer_chr7A__	2.125e+07	9.18815
Pcer_chr7A__	2.175e+07	8.10129
Pcer_chr7A__	2.225e+07	7.59706
Pcer_chr7A__	2.275e+07	7.164
Pcer_chr7A__	2.325e+07	8.46285
Pcer_chr7A__	2.375e+07	7.10386
Pcer_chr7A__	2.425e+07	6.75246
Pcer_chr7A__	2.475e+07	8.44141
Pcer_chr7A__	2.525e+07	8.01875
Pcer_chr7A__	2.575e+07	8.44113
Pcer_chr7B	250000	4.22293
Pcer_chr7B	750000	3.86262
Pcer_chr7B	1.25e+06	3.86738
Pcer_chr7B	1.75e+06	3.62324
Pcer_chr7B	2.25e+06	3.18443
Pcer_chr7B	2.75e+06	3.40607
Pcer_chr7B	3.25e+06	3.19308
Pcer_chr7B	3.75e+06	3.98738
Pcer_chr7B	4.25e+06	4.20584
Pcer_chr7B	4.75e+06	3.59602
Pcer_chr7B	5.25e+06	3.32318
Pcer_chr7B	5.75e+06	3.9006
Pcer_chr7B	6.25e+06	2.37205
Pcer_chr7B	6.75e+06	4.39045
Pcer_chr7B	7.25e+06	5.35313
Pcer_chr7B	7.75e+06	4.42265
Pcer_chr7B	8.25e+06	4.57003
Pcer_chr7B	8.75e+06	19.3035
Pcer_chr7B	9.25e+06	17.0257
Pcer_chr7B	9.75e+06	4.22915
Pcer_chr7B	1.025e+07	3.95532
Pcer_chr7B	1.075e+07	3.57383
Pcer_chr7B	1.125e+07	4.87509
Pcer_chr7B	1.175e+07	3.81932
Pcer_chr7B	1.225e+07	3.8953
Pcer_chr7B	1.275e+07	3.64008
Pcer_chr7B	1.325e+07	5.42615
Pcer_chr7B	1.375e+07	3.78193
Pcer_chr7B	1.425e+07	3.89322
Pcer_chr7B	1.475e+07	4.39196
Pcer_chr7B	1.525e+07	3.39068
Pcer_chr7B	1.575e+07	3.88175
Pcer_chr7B	1.625e+07	4.39005
Pcer_chr7B	1.675e+07	5.44732
Pcer_chr7B	1.725e+07	5.05534
Pcer_chr7B	1.775e+07	6.52042
Pcer_chr7B	1.825e+07	4.82088
Pcer_chr7B	1.875e+07	4.11899
Pcer_chr7B	1.925e+07	8.97304
Pcer_chr7B	1.975e+07	8.12631
Pcer_chr7B	2.025e+07	6.82966
Pcer_chr7B	2.075e+07	7.40063
Pcer_chr7B	2.125e+07	7.74425
Pcer_chr7B	2.175e+07	7.54775
Pcer_chr7B	2.225e+07	7.92483
Pcer_chr7B	2.275e+07	8.19499
Pcer_chr7B	2.325e+07	7.47633
Pcer_chr7B	2.375e+07	6.96649
Pcer_chr7B	2.425e+07	7.92915
Pcer_chr7B	2.475e+07	8.27957
Pcer_chr7B	2.525e+07	7.65179
Pcer_chr7B	2.575e+07	8.2357
Pcer_chr7B	2.625e+07	7.62473
Pcer_chr7B	2.675e+07	9.14521
Pcer_chr7B	2.725e+07	7.79193
Pcer_chr7B	2.775e+07	8.39621
Pcer_chr8A	250000	4.01692
Pcer_chr8A	750000	0.940492
Pcer_chr8A	1.25e+06	5.45705
Pcer_chr8A	1.75e+06	4.04539
Pcer_chr8A	2.25e+06	1.90418
Pcer_chr8A	2.75e+06	2.02623
Pcer_chr8A	3.25e+06	1.35494
Pcer_chr8A	3.75e+06	1.65149
Pcer_chr8A	4.25e+06	3.50242
Pcer_chr8A	4.75e+06	2.35453
Pcer_chr8A	5.25e+06	6.54306
Pcer_chr8A	5.75e+06	3.80403
Pcer_chr8A	6.25e+06	0.906832
Pcer_chr8A	6.75e+06	1.58808
Pcer_chr8A	7.25e+06	2.17468
Pcer_chr8A	7.75e+06	2.59309
Pcer_chr8A	8.25e+06	6.94945
Pcer_chr8A	8.75e+06	5.69702
Pcer_chr8A	9.25e+06	5.48191
Pcer_chr8A	9.75e+06	4.6631
Pcer_chr8A	1.025e+07	0.84249
Pcer_chr8A	1.075e+07	1.98968
Pcer_chr8A	1.125e+07	3.12024
Pcer_chr8A	1.175e+07	1.84075
Pcer_chr8A	1.225e+07	6.62936
Pcer_chr8A	1.275e+07	3.61393
Pcer_chr8A	1.325e+07	5.22723
Pcer_chr8A	1.375e+07	4.595
Pcer_chr8A	1.425e+07	5.64806
Pcer_chr8A	1.475e+07	4.92303
Pcer_chr8A	1.525e+07	5.65275
Pcer_chr8A	1.575e+07	6.92372
Pcer_chr8A	1.625e+07	4.07737
Pcer_chr8A	1.675e+07	5.49088
Pcer_chr8A	1.725e+07	5.08193
Pcer_chr8A	1.775e+07	3.88269
Pcer_chr8A	1.825e+07	5.71797
Pcer_chr8A	1.875e+07	6.41166
Pcer_chr8A	1.925e+07	4.21344
Pcer_chr8A	1.975e+07	4.87481
Pcer_chr8A	2.025e+07	5.42273
Pcer_chr8A	2.075e+07	3.94753
Pcer_chr8A	2.125e+07	5.08919
Pcer_chr8A	2.175e+07	5.77696
Pcer_chr8A	2.225e+07	3.75335
Pcer_chr8A	2.275e+07	4.8222
Pcer_chr8A__	250000	8.76162
Pcer_chr8A__	750000	1.89621
Pcer_chr8A__	1.25e+06	2.96769
Pcer_chr8A__	1.75e+06	1.21838
Pcer_chr8A__	2.25e+06	2.74776
Pcer_chr8A__	2.75e+06	1.64861
Pcer_chr8A__	3.25e+06	1.34525
Pcer_chr8A__	3.75e+06	2.21759
Pcer_chr8A__	4.25e+06	2.34943
Pcer_chr8A__	4.75e+06	6.17169
Pcer_chr8A__	5.25e+06	1.9751
Pcer_chr8A__	5.75e+06	2.45151
Pcer_chr8A__	6.25e+06	4.58512
Pcer_chr8A__	6.75e+06	3.77278
Pcer_chr8A__	7.25e+06	4.68601
Pcer_chr8A__	7.75e+06	4.81244
Pcer_chr8A__	8.25e+06	4.09087
Pcer_chr8A__	8.75e+06	15.7885
Pcer_chr8A__	9.25e+06	4.29019
Pcer_chr8A__	9.75e+06	2.15215
Pcer_chr8A__	1.025e+07	2.37353
Pcer_chr8A__	1.075e+07	3.2919
Pcer_chr8A__	1.125e+07	1.37095
Pcer_chr8A__	1.175e+07	2.25524
Pcer_chr8A__	1.225e+07	3.61285
Pcer_chr8A__	1.275e+07	3.29303
Pcer_chr8A__	1.325e+07	2.76107
Pcer_chr8A__	1.375e+07	3.47957
Pcer_chr8A__	1.425e+07	6.78498
Pcer_chr8A__	1.475e+07	2.13824
Pcer_chr8A__	1.525e+07	1.18029
Pcer_chr8A__	1.575e+07	0.313892
Pcer_chr8A__	1.625e+07	2.13961
Pcer_chr8A__	1.675e+07	1.33541
Pcer_chr8A__	1.725e+07	1.63463
Pcer_chr8A__	1.775e+07	4.94627
Pcer_chr8A__	1.825e+07	4.791
Pcer_chr8A__	1.875e+07	5.24196
Pcer_chr8A__	1.925e+07	2.32087
Pcer_chr8A__	1.975e+07	5.34898
Pcer_chr8A__	2.025e+07	0.868758
Pcer_chr8A__	2.075e+07	2.18332
Pcer_chr8A__	2.125e+07	3.44645
Pcer_chr8A__	2.175e+07	3.07343
Pcer_chr8A__	2.225e+07	4.70742
Pcer_chr8A__	2.275e+07	5.00664
Pcer_chr8B	250000	8.49524
Pcer_chr8B	750000	5.80711
Pcer_chr8B	1.25e+06	6.27063
Pcer_chr8B	1.75e+06	5.84591
Pcer_chr8B	2.25e+06	7.85542
Pcer_chr8B	2.75e+06	8.3523
Pcer_chr8B	3.25e+06	6.63681
Pcer_chr8B	3.75e+06	4.97095
Pcer_chr8B	4.25e+06	5.65701
Pcer_chr8B	4.75e+06	5.61531
Pcer_chr8B	5.25e+06	5.80884
Pcer_chr8B	5.75e+06	8.86889
Pcer_chr8B	6.25e+06	9.63369
Pcer_chr8B	6.75e+06	7.17433
Pcer_chr8B	7.25e+06	7.14234
Pcer_chr8B	7.75e+06	7.21909
Pcer_chr8B	8.25e+06	6.85266
Pcer_chr8B	8.75e+06	5.90294
Pcer_chr8B	9.25e+06	7.6455
Pcer_chr8B	9.75e+06	8.50627
Pcer_chr8B	1.025e+07	5.67352
Pcer_chr8B	1.075e+07	11.5857
Pcer_chr8B	1.125e+07	6.03534
Pcer_chr8B	1.175e+07	5.72536
Pcer_chr8B	1.225e+07	9.36867
Pcer_chr8B	1.275e+07	7.96202
Pcer_chr8B	1.325e+07	7.9134
Pcer_chr8B	1.375e+07	9.34877
Pcer_chr8B	1.425e+07	7.35136
Pcer_chr8B	1.475e+07	6.75567
Pcer_chr8B	1.525e+07	7.76089
Pcer_chr8B	1.575e+07	7.10263
Pcer_chr8B	1.625e+07	6.63261
Pcer_chr8B	1.675e+07	8.64958
Pcer_chr8B	1.725e+07	8.0265
Pcer_chr8B	1.775e+07	6.70298
Pcer_chr8B	1.825e+07	7.23458
Pcer_chr8B	1.875e+07	7.85196
Pcer_chr8B	1.925e+07	7.83991
Pcer_chr8B	1.975e+07	6.9201
Pcer_chr8B	2.025e+07	8.38372
Pcer_chr8B	2.075e+07	5.47374
Pcer_chr8B	2.125e+07	8.70301
Pcer_chr8B	2.175e+07	8.0992
Pcer_chr8B	2.225e+07	8.69982
Pcer_chr8B	2.275e+07	9.31888
Pcer_chr8B	2.325e+07	7.6102
Pcer_chr8B	2.375e+07	9.78073
Pcer_chr8B	2.425e+07	9.28971
Pcer_chr8B	2.475e+07	8.35047
